order_id,branch_id,branch_name,city,menu_id,menu_name,category,quantity,price,cogs,revenue,margin,order_date,month,margin_pct
1,1,Gacoan Malang Soekarno Hatta,Malang,1,Mie Hompimpa,Mie,5,18000,8000,90000,50000,2024-05-05,2024-05,55.55555555555556
2,2,Gacoan Malang Sulfat,Malang,2,Mie Setan,Mie,2,22000,9000,44000,26000,2024-12-12,2024-12,59.09090909090909
3,5,Gacoan Jogja Seturan,Yogyakarta,1,Mie Hompimpa,Mie,10,18000,8000,180000,100000,2024-08-04,2024-08,55.55555555555556
4,1,Gacoan Malang Soekarno Hatta,Malang,1,Mie Hompimpa,Mie,2,18000,8000,36000,20000,2024-04-21,2024-04,55.55555555555556
5,2,Gacoan Malang Sulfat,Malang,5,Es Teh Jumbo,Minuman,10,8000,3000,80000,50000,2024-01-14,2024-01,62.5
6,5,Gacoan Jogja Seturan,Yogyakarta,2,Mie Setan,Mie,9,22000,9000,198000,117000,2024-08-02,2024-08,59.09090909090909
7,2,Gacoan Malang Sulfat,Malang,4,Dimsum Udang,Dimsum,10,15000,7000,150000,80000,2024-05-22,2024-05,53.333333333333336
8,1,Gacoan Malang Soekarno Hatta,Malang,2,Mie Setan,Mie,7,22000,9000,154000,91000,2024-06-23,2024-06,59.09090909090909
9,3,Gacoan Surabaya Gubeng,Surabaya,2,Mie Setan,Mie,4,22000,9000,88000,52000,2024-06-21,2024-06,59.09090909090909
10,1,Gacoan Malang Soekarno Hatta,Malang,1,Mie Hompimpa,Mie,7,18000,8000,126000,70000,2024-02-19,2024-02,55.55555555555556
11,3,Gacoan Surabaya Gubeng,Surabaya,3,Mie Iblis,Mie,10,25000,10000,250000,150000,2024-05-15,2024-05,60.0
12,1,Gacoan Malang Soekarno Hatta,Malang,4,Dimsum Udang,Dimsum,9,15000,7000,135000,72000,2024-03-04,2024-03,53.333333333333336
13,4,Gacoan Surabaya Darmo,Surabaya,1,Mie Hompimpa,Mie,9,18000,8000,162000,90000,2024-05-30,2024-05,55.55555555555556
14,5,Gacoan Jogja Seturan,Yogyakarta,3,Mie Iblis,Mie,10,25000,10000,250000,150000,2024-04-08,2024-04,60.0
15,1,Gacoan Malang Soekarno Hatta,Malang,1,Mie Hompimpa,Mie,4,18000,8000,72000,40000,2024-05-28,2024-05,55.55555555555556
16,1,Gacoan Malang Soekarno Hatta,Malang,2,Mie Setan,Mie,2,22000,9000,44000,26000,2024-07-13,2024-07,59.09090909090909
17,3,Gacoan Surabaya Gubeng,Surabaya,4,Dimsum Udang,Dimsum,6,15000,7000,90000,48000,2024-03-24,2024-03,53.333333333333336
18,3,Gacoan Surabaya Gubeng,Surabaya,3,Mie Iblis,Mie,4,25000,10000,100000,60000,2024-12-09,2024-12,60.0
19,3,Gacoan Surabaya Gubeng,Surabaya,1,Mie Hompimpa,Mie,10,18000,8000,180000,100000,2024-11-21,2024-11,55.55555555555556
20,2,Gacoan Malang Sulfat,Malang,5,Es Teh Jumbo,Minuman,4,8000,3000,32000,20000,2024-03-24,2024-03,62.5
21,4,Gacoan Surabaya Darmo,Surabaya,4,Dimsum Udang,Dimsum,5,15000,7000,75000,40000,2024-11-23,2024-11,53.333333333333336
22,5,Gacoan Jogja Seturan,Yogyakarta,2,Mie Setan,Mie,6,22000,9000,132000,78000,2024-01-29,2024-01,59.09090909090909
23,2,Gacoan Malang Sulfat,Malang,1,Mie Hompimpa,Mie,6,18000,8000,108000,60000,2024-07-24,2024-07,55.55555555555556
24,3,Gacoan Surabaya Gubeng,Surabaya,1,Mie Hompimpa,Mie,4,18000,8000,72000,40000,2024-10-17,2024-10,55.55555555555556
25,3,Gacoan Surabaya Gubeng,Surabaya,2,Mie Setan,Mie,8,22000,9000,176000,104000,2024-07-21,2024-07,59.09090909090909
26,4,Gacoan Surabaya Darmo,Surabaya,2,Mie Setan,Mie,5,22000,9000,110000,65000,2024-03-12,2024-03,59.09090909090909
27,2,Gacoan Malang Sulfat,Malang,5,Es Teh Jumbo,Minuman,9,8000,3000,72000,45000,2024-05-14,2024-05,62.5
28,5,Gacoan Jogja Seturan,Yogyakarta,4,Dimsum Udang,Dimsum,10,15000,7000,150000,80000,2024-07-23,2024-07,53.333333333333336
29,3,Gacoan Surabaya Gubeng,Surabaya,2,Mie Setan,Mie,3,22000,9000,66000,39000,2024-09-17,2024-09,59.09090909090909
30,4,Gacoan Surabaya Darmo,Surabaya,1,Mie Hompimpa,Mie,1,18000,8000,18000,10000,2024-02-26,2024-02,55.55555555555556
31,2,Gacoan Malang Sulfat,Malang,2,Mie Setan,Mie,7,22000,9000,154000,91000,2024-11-01,2024-11,59.09090909090909
32,1,Gacoan Malang Soekarno Hatta,Malang,4,Dimsum Udang,Dimsum,7,15000,7000,105000,56000,2024-11-01,2024-11,53.333333333333336
33,4,Gacoan Surabaya Darmo,Surabaya,5,Es Teh Jumbo,Minuman,5,8000,3000,40000,25000,2024-10-10,2024-10,62.5
34,1,Gacoan Malang Soekarno Hatta,Malang,1,Mie Hompimpa,Mie,9,18000,8000,162000,90000,2024-05-16,2024-05,55.55555555555556
35,3,Gacoan Surabaya Gubeng,Surabaya,1,Mie Hompimpa,Mie,5,18000,8000,90000,50000,2024-08-10,2024-08,55.55555555555556
36,2,Gacoan Malang Sulfat,Malang,4,Dimsum Udang,Dimsum,1,15000,7000,15000,8000,2024-05-14,2024-05,53.333333333333336
37,5,Gacoan Jogja Seturan,Yogyakarta,2,Mie Setan,Mie,9,22000,9000,198000,117000,2024-02-24,2024-02,59.09090909090909
38,3,Gacoan Surabaya Gubeng,Surabaya,5,Es Teh Jumbo,Minuman,10,8000,3000,80000,50000,2024-04-11,2024-04,62.5
39,2,Gacoan Malang Sulfat,Malang,3,Mie Iblis,Mie,3,25000,10000,75000,45000,2024-10-03,2024-10,60.0
40,5,Gacoan Jogja Seturan,Yogyakarta,1,Mie Hompimpa,Mie,10,18000,8000,180000,100000,2024-06-14,2024-06,55.55555555555556
41,4,Gacoan Surabaya Darmo,Surabaya,1,Mie Hompimpa,Mie,2,18000,8000,36000,20000,2024-07-04,2024-07,55.55555555555556
42,3,Gacoan Surabaya Gubeng,Surabaya,2,Mie Setan,Mie,1,22000,9000,22000,13000,2024-05-03,2024-05,59.09090909090909
43,5,Gacoan Jogja Seturan,Yogyakarta,1,Mie Hompimpa,Mie,2,18000,8000,36000,20000,2024-09-05,2024-09,55.55555555555556
44,1,Gacoan Malang Soekarno Hatta,Malang,5,Es Teh Jumbo,Minuman,3,8000,3000,24000,15000,2024-03-06,2024-03,62.5
45,4,Gacoan Surabaya Darmo,Surabaya,5,Es Teh Jumbo,Minuman,3,8000,3000,24000,15000,2024-05-15,2024-05,62.5
46,5,Gacoan Jogja Seturan,Yogyakarta,5,Es Teh Jumbo,Minuman,7,8000,3000,56000,35000,2024-04-18,2024-04,62.5
47,5,Gacoan Jogja Seturan,Yogyakarta,2,Mie Setan,Mie,5,22000,9000,110000,65000,2024-07-23,2024-07,59.09090909090909
48,3,Gacoan Surabaya Gubeng,Surabaya,4,Dimsum Udang,Dimsum,9,15000,7000,135000,72000,2024-08-19,2024-08,53.333333333333336
49,1,Gacoan Malang Soekarno Hatta,Malang,2,Mie Setan,Mie,4,22000,9000,88000,52000,2024-02-02,2024-02,59.09090909090909
50,3,Gacoan Surabaya Gubeng,Surabaya,1,Mie Hompimpa,Mie,10,18000,8000,180000,100000,2024-10-10,2024-10,55.55555555555556
51,2,Gacoan Malang Sulfat,Malang,5,Es Teh Jumbo,Minuman,4,8000,3000,32000,20000,2024-01-04,2024-01,62.5
52,1,Gacoan Malang Soekarno Hatta,Malang,1,Mie Hompimpa,Mie,4,18000,8000,72000,40000,2024-02-04,2024-02,55.55555555555556
53,1,Gacoan Malang Soekarno Hatta,Malang,3,Mie Iblis,Mie,2,25000,10000,50000,30000,2024-09-20,2024-09,60.0
54,2,Gacoan Malang Sulfat,Malang,3,Mie Iblis,Mie,8,25000,10000,200000,120000,2024-04-19,2024-04,60.0
55,5,Gacoan Jogja Seturan,Yogyakarta,2,Mie Setan,Mie,10,22000,9000,220000,130000,2024-10-22,2024-10,59.09090909090909
56,4,Gacoan Surabaya Darmo,Surabaya,2,Mie Setan,Mie,8,22000,9000,176000,104000,2024-07-27,2024-07,59.09090909090909
57,2,Gacoan Malang Sulfat,Malang,1,Mie Hompimpa,Mie,2,18000,8000,36000,20000,2024-12-03,2024-12,55.55555555555556
58,4,Gacoan Surabaya Darmo,Surabaya,3,Mie Iblis,Mie,7,25000,10000,175000,105000,2024-07-29,2024-07,60.0
59,4,Gacoan Surabaya Darmo,Surabaya,1,Mie Hompimpa,Mie,2,18000,8000,36000,20000,2024-02-01,2024-02,55.55555555555556
60,4,Gacoan Surabaya Darmo,Surabaya,3,Mie Iblis,Mie,2,25000,10000,50000,30000,2024-05-07,2024-05,60.0
61,2,Gacoan Malang Sulfat,Malang,2,Mie Setan,Mie,9,22000,9000,198000,117000,2024-08-17,2024-08,59.09090909090909
62,2,Gacoan Malang Sulfat,Malang,4,Dimsum Udang,Dimsum,3,15000,7000,45000,24000,2024-05-22,2024-05,53.333333333333336
63,4,Gacoan Surabaya Darmo,Surabaya,2,Mie Setan,Mie,2,22000,9000,44000,26000,2024-08-14,2024-08,59.09090909090909
64,5,Gacoan Jogja Seturan,Yogyakarta,1,Mie Hompimpa,Mie,1,18000,8000,18000,10000,2024-11-29,2024-11,55.55555555555556
65,5,Gacoan Jogja Seturan,Yogyakarta,1,Mie Hompimpa,Mie,2,18000,8000,36000,20000,2024-05-01,2024-05,55.55555555555556
66,2,Gacoan Malang Sulfat,Malang,4,Dimsum Udang,Dimsum,8,15000,7000,120000,64000,2024-09-03,2024-09,53.333333333333336
67,2,Gacoan Malang Sulfat,Malang,4,Dimsum Udang,Dimsum,1,15000,7000,15000,8000,2024-03-25,2024-03,53.333333333333336
68,4,Gacoan Surabaya Darmo,Surabaya,1,Mie Hompimpa,Mie,7,18000,8000,126000,70000,2024-05-15,2024-05,55.55555555555556
69,4,Gacoan Surabaya Darmo,Surabaya,3,Mie Iblis,Mie,7,25000,10000,175000,105000,2024-12-22,2024-12,60.0
70,5,Gacoan Jogja Seturan,Yogyakarta,4,Dimsum Udang,Dimsum,3,15000,7000,45000,24000,2024-04-07,2024-04,53.333333333333336
71,3,Gacoan Surabaya Gubeng,Surabaya,2,Mie Setan,Mie,1,22000,9000,22000,13000,2024-10-23,2024-10,59.09090909090909
72,5,Gacoan Jogja Seturan,Yogyakarta,1,Mie Hompimpa,Mie,6,18000,8000,108000,60000,2024-01-30,2024-01,55.55555555555556
73,1,Gacoan Malang Soekarno Hatta,Malang,5,Es Teh Jumbo,Minuman,8,8000,3000,64000,40000,2024-09-14,2024-09,62.5
74,5,Gacoan Jogja Seturan,Yogyakarta,2,Mie Setan,Mie,1,22000,9000,22000,13000,2024-09-17,2024-09,59.09090909090909
75,1,Gacoan Malang Soekarno Hatta,Malang,2,Mie Setan,Mie,2,22000,9000,44000,26000,2024-10-31,2024-10,59.09090909090909
76,1,Gacoan Malang Soekarno Hatta,Malang,2,Mie Setan,Mie,7,22000,9000,154000,91000,2024-03-02,2024-03,59.09090909090909
77,5,Gacoan Jogja Seturan,Yogyakarta,2,Mie Setan,Mie,10,22000,9000,220000,130000,2024-10-31,2024-10,59.09090909090909
78,1,Gacoan Malang Soekarno Hatta,Malang,5,Es Teh Jumbo,Minuman,2,8000,3000,16000,10000,2024-08-02,2024-08,62.5
79,5,Gacoan Jogja Seturan,Yogyakarta,5,Es Teh Jumbo,Minuman,9,8000,3000,72000,45000,2024-06-10,2024-06,62.5
80,3,Gacoan Surabaya Gubeng,Surabaya,2,Mie Setan,Mie,6,22000,9000,132000,78000,2024-05-02,2024-05,59.09090909090909
81,3,Gacoan Surabaya Gubeng,Surabaya,4,Dimsum Udang,Dimsum,3,15000,7000,45000,24000,2024-12-09,2024-12,53.333333333333336
82,3,Gacoan Surabaya Gubeng,Surabaya,4,Dimsum Udang,Dimsum,6,15000,7000,90000,48000,2024-02-07,2024-02,53.333333333333336
83,1,Gacoan Malang Soekarno Hatta,Malang,4,Dimsum Udang,Dimsum,10,15000,7000,150000,80000,2024-10-15,2024-10,53.333333333333336
84,1,Gacoan Malang Soekarno Hatta,Malang,1,Mie Hompimpa,Mie,9,18000,8000,162000,90000,2024-04-19,2024-04,55.55555555555556
85,5,Gacoan Jogja Seturan,Yogyakarta,3,Mie Iblis,Mie,3,25000,10000,75000,45000,2024-06-27,2024-06,60.0
86,1,Gacoan Malang Soekarno Hatta,Malang,2,Mie Setan,Mie,6,22000,9000,132000,78000,2024-05-25,2024-05,59.09090909090909
87,2,Gacoan Malang Sulfat,Malang,4,Dimsum Udang,Dimsum,9,15000,7000,135000,72000,2024-12-26,2024-12,53.333333333333336
88,3,Gacoan Surabaya Gubeng,Surabaya,5,Es Teh Jumbo,Minuman,9,8000,3000,72000,45000,2024-01-05,2024-01,62.5
89,5,Gacoan Jogja Seturan,Yogyakarta,3,Mie Iblis,Mie,2,25000,10000,50000,30000,2024-03-09,2024-03,60.0
90,3,Gacoan Surabaya Gubeng,Surabaya,1,Mie Hompimpa,Mie,2,18000,8000,36000,20000,2024-10-10,2024-10,55.55555555555556
91,2,Gacoan Malang Sulfat,Malang,3,Mie Iblis,Mie,5,25000,10000,125000,75000,2024-11-05,2024-11,60.0
92,2,Gacoan Malang Sulfat,Malang,3,Mie Iblis,Mie,4,25000,10000,100000,60000,2024-12-17,2024-12,60.0
93,3,Gacoan Surabaya Gubeng,Surabaya,5,Es Teh Jumbo,Minuman,8,8000,3000,64000,40000,2024-05-08,2024-05,62.5
94,1,Gacoan Malang Soekarno Hatta,Malang,1,Mie Hompimpa,Mie,7,18000,8000,126000,70000,2024-05-21,2024-05,55.55555555555556
95,1,Gacoan Malang Soekarno Hatta,Malang,1,Mie Hompimpa,Mie,6,18000,8000,108000,60000,2024-03-07,2024-03,55.55555555555556
96,3,Gacoan Surabaya Gubeng,Surabaya,2,Mie Setan,Mie,8,22000,9000,176000,104000,2024-10-09,2024-10,59.09090909090909
97,4,Gacoan Surabaya Darmo,Surabaya,5,Es Teh Jumbo,Minuman,1,8000,3000,8000,5000,2024-02-27,2024-02,62.5
98,1,Gacoan Malang Soekarno Hatta,Malang,2,Mie Setan,Mie,9,22000,9000,198000,117000,2024-01-19,2024-01,59.09090909090909
99,3,Gacoan Surabaya Gubeng,Surabaya,5,Es Teh Jumbo,Minuman,9,8000,3000,72000,45000,2024-03-16,2024-03,62.5
100,4,Gacoan Surabaya Darmo,Surabaya,2,Mie Setan,Mie,1,22000,9000,22000,13000,2024-06-06,2024-06,59.09090909090909
101,3,Gacoan Surabaya Gubeng,Surabaya,1,Mie Hompimpa,Mie,6,18000,8000,108000,60000,2024-04-17,2024-04,55.55555555555556
102,2,Gacoan Malang Sulfat,Malang,1,Mie Hompimpa,Mie,6,18000,8000,108000,60000,2024-10-13,2024-10,55.55555555555556
103,4,Gacoan Surabaya Darmo,Surabaya,5,Es Teh Jumbo,Minuman,3,8000,3000,24000,15000,2024-05-01,2024-05,62.5
104,2,Gacoan Malang Sulfat,Malang,2,Mie Setan,Mie,7,22000,9000,154000,91000,2024-01-13,2024-01,59.09090909090909
105,2,Gacoan Malang Sulfat,Malang,3,Mie Iblis,Mie,7,25000,10000,175000,105000,2024-12-08,2024-12,60.0
106,2,Gacoan Malang Sulfat,Malang,3,Mie Iblis,Mie,3,25000,10000,75000,45000,2024-12-25,2024-12,60.0
107,1,Gacoan Malang Soekarno Hatta,Malang,4,Dimsum Udang,Dimsum,1,15000,7000,15000,8000,2024-08-28,2024-08,53.333333333333336
108,2,Gacoan Malang Sulfat,Malang,2,Mie Setan,Mie,8,22000,9000,176000,104000,2024-06-28,2024-06,59.09090909090909
109,3,Gacoan Surabaya Gubeng,Surabaya,2,Mie Setan,Mie,4,22000,9000,88000,52000,2024-01-13,2024-01,59.09090909090909
110,2,Gacoan Malang Sulfat,Malang,4,Dimsum Udang,Dimsum,6,15000,7000,90000,48000,2024-05-22,2024-05,53.333333333333336
111,1,Gacoan Malang Soekarno Hatta,Malang,3,Mie Iblis,Mie,6,25000,10000,150000,90000,2024-11-24,2024-11,60.0
112,5,Gacoan Jogja Seturan,Yogyakarta,4,Dimsum Udang,Dimsum,9,15000,7000,135000,72000,2024-06-18,2024-06,53.333333333333336
113,1,Gacoan Malang Soekarno Hatta,Malang,1,Mie Hompimpa,Mie,5,18000,8000,90000,50000,2024-04-01,2024-04,55.55555555555556
114,5,Gacoan Jogja Seturan,Yogyakarta,3,Mie Iblis,Mie,1,25000,10000,25000,15000,2024-02-25,2024-02,60.0
115,5,Gacoan Jogja Seturan,Yogyakarta,4,Dimsum Udang,Dimsum,6,15000,7000,90000,48000,2024-06-09,2024-06,53.333333333333336
116,4,Gacoan Surabaya Darmo,Surabaya,5,Es Teh Jumbo,Minuman,9,8000,3000,72000,45000,2024-02-29,2024-02,62.5
117,4,Gacoan Surabaya Darmo,Surabaya,5,Es Teh Jumbo,Minuman,4,8000,3000,32000,20000,2024-05-10,2024-05,62.5
118,1,Gacoan Malang Soekarno Hatta,Malang,4,Dimsum Udang,Dimsum,1,15000,7000,15000,8000,2024-09-23,2024-09,53.333333333333336
119,5,Gacoan Jogja Seturan,Yogyakarta,2,Mie Setan,Mie,6,22000,9000,132000,78000,2024-08-08,2024-08,59.09090909090909
120,1,Gacoan Malang Soekarno Hatta,Malang,3,Mie Iblis,Mie,10,25000,10000,250000,150000,2024-06-09,2024-06,60.0
121,1,Gacoan Malang Soekarno Hatta,Malang,3,Mie Iblis,Mie,9,25000,10000,225000,135000,2024-06-07,2024-06,60.0
122,4,Gacoan Surabaya Darmo,Surabaya,3,Mie Iblis,Mie,7,25000,10000,175000,105000,2024-12-22,2024-12,60.0
123,3,Gacoan Surabaya Gubeng,Surabaya,5,Es Teh Jumbo,Minuman,3,8000,3000,24000,15000,2024-04-08,2024-04,62.5
124,4,Gacoan Surabaya Darmo,Surabaya,4,Dimsum Udang,Dimsum,3,15000,7000,45000,24000,2024-11-11,2024-11,53.333333333333336
125,5,Gacoan Jogja Seturan,Yogyakarta,3,Mie Iblis,Mie,7,25000,10000,175000,105000,2024-10-07,2024-10,60.0
126,1,Gacoan Malang Soekarno Hatta,Malang,3,Mie Iblis,Mie,5,25000,10000,125000,75000,2024-04-17,2024-04,60.0
127,4,Gacoan Surabaya Darmo,Surabaya,5,Es Teh Jumbo,Minuman,10,8000,3000,80000,50000,2024-12-01,2024-12,62.5
128,3,Gacoan Surabaya Gubeng,Surabaya,4,Dimsum Udang,Dimsum,8,15000,7000,120000,64000,2024-08-14,2024-08,53.333333333333336
129,2,Gacoan Malang Sulfat,Malang,5,Es Teh Jumbo,Minuman,8,8000,3000,64000,40000,2024-03-27,2024-03,62.5
130,1,Gacoan Malang Soekarno Hatta,Malang,3,Mie Iblis,Mie,9,25000,10000,225000,135000,2024-12-05,2024-12,60.0
131,5,Gacoan Jogja Seturan,Yogyakarta,3,Mie Iblis,Mie,2,25000,10000,50000,30000,2024-04-30,2024-04,60.0
132,3,Gacoan Surabaya Gubeng,Surabaya,2,Mie Setan,Mie,4,22000,9000,88000,52000,2024-03-16,2024-03,59.09090909090909
133,1,Gacoan Malang Soekarno Hatta,Malang,1,Mie Hompimpa,Mie,4,18000,8000,72000,40000,2024-08-31,2024-08,55.55555555555556
134,5,Gacoan Jogja Seturan,Yogyakarta,1,Mie Hompimpa,Mie,8,18000,8000,144000,80000,2024-07-31,2024-07,55.55555555555556
135,5,Gacoan Jogja Seturan,Yogyakarta,2,Mie Setan,Mie,7,22000,9000,154000,91000,2024-09-10,2024-09,59.09090909090909
136,4,Gacoan Surabaya Darmo,Surabaya,2,Mie Setan,Mie,3,22000,9000,66000,39000,2024-12-01,2024-12,59.09090909090909
137,1,Gacoan Malang Soekarno Hatta,Malang,1,Mie Hompimpa,Mie,7,18000,8000,126000,70000,2024-04-22,2024-04,55.55555555555556
138,2,Gacoan Malang Sulfat,Malang,5,Es Teh Jumbo,Minuman,8,8000,3000,64000,40000,2024-01-26,2024-01,62.5
139,5,Gacoan Jogja Seturan,Yogyakarta,2,Mie Setan,Mie,2,22000,9000,44000,26000,2024-08-21,2024-08,59.09090909090909
140,2,Gacoan Malang Sulfat,Malang,4,Dimsum Udang,Dimsum,9,15000,7000,135000,72000,2024-10-13,2024-10,53.333333333333336
141,5,Gacoan Jogja Seturan,Yogyakarta,3,Mie Iblis,Mie,8,25000,10000,200000,120000,2024-11-09,2024-11,60.0
142,5,Gacoan Jogja Seturan,Yogyakarta,4,Dimsum Udang,Dimsum,9,15000,7000,135000,72000,2024-08-16,2024-08,53.333333333333336
143,2,Gacoan Malang Sulfat,Malang,4,Dimsum Udang,Dimsum,8,15000,7000,120000,64000,2024-05-12,2024-05,53.333333333333336
144,2,Gacoan Malang Sulfat,Malang,3,Mie Iblis,Mie,9,25000,10000,225000,135000,2024-09-05,2024-09,60.0
145,2,Gacoan Malang Sulfat,Malang,3,Mie Iblis,Mie,8,25000,10000,200000,120000,2024-02-09,2024-02,60.0
146,3,Gacoan Surabaya Gubeng,Surabaya,2,Mie Setan,Mie,5,22000,9000,110000,65000,2024-06-20,2024-06,59.09090909090909
147,3,Gacoan Surabaya Gubeng,Surabaya,5,Es Teh Jumbo,Minuman,2,8000,3000,16000,10000,2024-03-11,2024-03,62.5
148,2,Gacoan Malang Sulfat,Malang,2,Mie Setan,Mie,7,22000,9000,154000,91000,2024-12-21,2024-12,59.09090909090909
149,2,Gacoan Malang Sulfat,Malang,2,Mie Setan,Mie,2,22000,9000,44000,26000,2024-07-31,2024-07,59.09090909090909
150,4,Gacoan Surabaya Darmo,Surabaya,3,Mie Iblis,Mie,9,25000,10000,225000,135000,2024-08-26,2024-08,60.0
151,4,Gacoan Surabaya Darmo,Surabaya,1,Mie Hompimpa,Mie,4,18000,8000,72000,40000,2024-08-03,2024-08,55.55555555555556
152,4,Gacoan Surabaya Darmo,Surabaya,5,Es Teh Jumbo,Minuman,1,8000,3000,8000,5000,2024-10-21,2024-10,62.5
153,4,Gacoan Surabaya Darmo,Surabaya,4,Dimsum Udang,Dimsum,1,15000,7000,15000,8000,2024-06-29,2024-06,53.333333333333336
154,3,Gacoan Surabaya Gubeng,Surabaya,4,Dimsum Udang,Dimsum,7,15000,7000,105000,56000,2024-10-02,2024-10,53.333333333333336
155,5,Gacoan Jogja Seturan,Yogyakarta,5,Es Teh Jumbo,Minuman,4,8000,3000,32000,20000,2024-09-06,2024-09,62.5
156,2,Gacoan Malang Sulfat,Malang,3,Mie Iblis,Mie,7,25000,10000,175000,105000,2024-09-05,2024-09,60.0
157,1,Gacoan Malang Soekarno Hatta,Malang,4,Dimsum Udang,Dimsum,6,15000,7000,90000,48000,2024-12-08,2024-12,53.333333333333336
158,4,Gacoan Surabaya Darmo,Surabaya,2,Mie Setan,Mie,8,22000,9000,176000,104000,2024-03-06,2024-03,59.09090909090909
159,5,Gacoan Jogja Seturan,Yogyakarta,5,Es Teh Jumbo,Minuman,1,8000,3000,8000,5000,2024-07-20,2024-07,62.5
160,5,Gacoan Jogja Seturan,Yogyakarta,5,Es Teh Jumbo,Minuman,1,8000,3000,8000,5000,2024-02-12,2024-02,62.5
161,4,Gacoan Surabaya Darmo,Surabaya,2,Mie Setan,Mie,8,22000,9000,176000,104000,2024-04-03,2024-04,59.09090909090909
162,1,Gacoan Malang Soekarno Hatta,Malang,3,Mie Iblis,Mie,7,25000,10000,175000,105000,2024-06-16,2024-06,60.0
163,2,Gacoan Malang Sulfat,Malang,4,Dimsum Udang,Dimsum,6,15000,7000,90000,48000,2024-06-21,2024-06,53.333333333333336
164,4,Gacoan Surabaya Darmo,Surabaya,3,Mie Iblis,Mie,7,25000,10000,175000,105000,2024-05-09,2024-05,60.0
165,1,Gacoan Malang Soekarno Hatta,Malang,4,Dimsum Udang,Dimsum,1,15000,7000,15000,8000,2024-10-03,2024-10,53.333333333333336
166,1,Gacoan Malang Soekarno Hatta,Malang,3,Mie Iblis,Mie,4,25000,10000,100000,60000,2024-11-28,2024-11,60.0
167,1,Gacoan Malang Soekarno Hatta,Malang,1,Mie Hompimpa,Mie,1,18000,8000,18000,10000,2024-05-06,2024-05,55.55555555555556
168,2,Gacoan Malang Sulfat,Malang,1,Mie Hompimpa,Mie,10,18000,8000,180000,100000,2024-03-19,2024-03,55.55555555555556
169,2,Gacoan Malang Sulfat,Malang,2,Mie Setan,Mie,8,22000,9000,176000,104000,2024-12-08,2024-12,59.09090909090909
170,1,Gacoan Malang Soekarno Hatta,Malang,5,Es Teh Jumbo,Minuman,4,8000,3000,32000,20000,2024-08-26,2024-08,62.5
171,3,Gacoan Surabaya Gubeng,Surabaya,3,Mie Iblis,Mie,3,25000,10000,75000,45000,2024-11-06,2024-11,60.0
172,5,Gacoan Jogja Seturan,Yogyakarta,1,Mie Hompimpa,Mie,3,18000,8000,54000,30000,2024-06-08,2024-06,55.55555555555556
173,1,Gacoan Malang Soekarno Hatta,Malang,5,Es Teh Jumbo,Minuman,1,8000,3000,8000,5000,2024-06-08,2024-06,62.5
174,5,Gacoan Jogja Seturan,Yogyakarta,4,Dimsum Udang,Dimsum,7,15000,7000,105000,56000,2024-04-11,2024-04,53.333333333333336
175,1,Gacoan Malang Soekarno Hatta,Malang,5,Es Teh Jumbo,Minuman,4,8000,3000,32000,20000,2024-02-22,2024-02,62.5
176,3,Gacoan Surabaya Gubeng,Surabaya,5,Es Teh Jumbo,Minuman,2,8000,3000,16000,10000,2024-10-16,2024-10,62.5
177,1,Gacoan Malang Soekarno Hatta,Malang,3,Mie Iblis,Mie,9,25000,10000,225000,135000,2024-08-07,2024-08,60.0
178,3,Gacoan Surabaya Gubeng,Surabaya,1,Mie Hompimpa,Mie,9,18000,8000,162000,90000,2024-11-27,2024-11,55.55555555555556
179,3,Gacoan Surabaya Gubeng,Surabaya,1,Mie Hompimpa,Mie,7,18000,8000,126000,70000,2024-09-07,2024-09,55.55555555555556
180,1,Gacoan Malang Soekarno Hatta,Malang,4,Dimsum Udang,Dimsum,6,15000,7000,90000,48000,2024-11-21,2024-11,53.333333333333336
181,4,Gacoan Surabaya Darmo,Surabaya,2,Mie Setan,Mie,7,22000,9000,154000,91000,2024-03-31,2024-03,59.09090909090909
182,5,Gacoan Jogja Seturan,Yogyakarta,3,Mie Iblis,Mie,10,25000,10000,250000,150000,2024-10-02,2024-10,60.0
183,4,Gacoan Surabaya Darmo,Surabaya,4,Dimsum Udang,Dimsum,7,15000,7000,105000,56000,2024-10-30,2024-10,53.333333333333336
184,3,Gacoan Surabaya Gubeng,Surabaya,3,Mie Iblis,Mie,4,25000,10000,100000,60000,2024-02-14,2024-02,60.0
185,3,Gacoan Surabaya Gubeng,Surabaya,4,Dimsum Udang,Dimsum,4,15000,7000,60000,32000,2024-08-25,2024-08,53.333333333333336
186,5,Gacoan Jogja Seturan,Yogyakarta,5,Es Teh Jumbo,Minuman,7,8000,3000,56000,35000,2024-06-21,2024-06,62.5
187,1,Gacoan Malang Soekarno Hatta,Malang,4,Dimsum Udang,Dimsum,6,15000,7000,90000,48000,2024-04-03,2024-04,53.333333333333336
188,4,Gacoan Surabaya Darmo,Surabaya,2,Mie Setan,Mie,6,22000,9000,132000,78000,2024-05-12,2024-05,59.09090909090909
189,3,Gacoan Surabaya Gubeng,Surabaya,3,Mie Iblis,Mie,10,25000,10000,250000,150000,2024-12-25,2024-12,60.0
190,3,Gacoan Surabaya Gubeng,Surabaya,5,Es Teh Jumbo,Minuman,1,8000,3000,8000,5000,2024-09-21,2024-09,62.5
191,2,Gacoan Malang Sulfat,Malang,1,Mie Hompimpa,Mie,4,18000,8000,72000,40000,2024-07-27,2024-07,55.55555555555556
192,4,Gacoan Surabaya Darmo,Surabaya,5,Es Teh Jumbo,Minuman,4,8000,3000,32000,20000,2024-12-19,2024-12,62.5
193,4,Gacoan Surabaya Darmo,Surabaya,4,Dimsum Udang,Dimsum,8,15000,7000,120000,64000,2024-01-09,2024-01,53.333333333333336
194,1,Gacoan Malang Soekarno Hatta,Malang,3,Mie Iblis,Mie,4,25000,10000,100000,60000,2024-07-26,2024-07,60.0
195,2,Gacoan Malang Sulfat,Malang,3,Mie Iblis,Mie,10,25000,10000,250000,150000,2024-07-07,2024-07,60.0
196,4,Gacoan Surabaya Darmo,Surabaya,5,Es Teh Jumbo,Minuman,9,8000,3000,72000,45000,2024-06-25,2024-06,62.5
197,4,Gacoan Surabaya Darmo,Surabaya,5,Es Teh Jumbo,Minuman,6,8000,3000,48000,30000,2024-06-29,2024-06,62.5
198,4,Gacoan Surabaya Darmo,Surabaya,3,Mie Iblis,Mie,5,25000,10000,125000,75000,2024-05-08,2024-05,60.0
199,2,Gacoan Malang Sulfat,Malang,1,Mie Hompimpa,Mie,4,18000,8000,72000,40000,2024-06-10,2024-06,55.55555555555556
200,1,Gacoan Malang Soekarno Hatta,Malang,5,Es Teh Jumbo,Minuman,3,8000,3000,24000,15000,2024-04-08,2024-04,62.5
201,2,Gacoan Malang Sulfat,Malang,4,Dimsum Udang,Dimsum,5,15000,7000,75000,40000,2024-10-28,2024-10,53.333333333333336
202,5,Gacoan Jogja Seturan,Yogyakarta,5,Es Teh Jumbo,Minuman,5,8000,3000,40000,25000,2024-02-21,2024-02,62.5
203,2,Gacoan Malang Sulfat,Malang,3,Mie Iblis,Mie,4,25000,10000,100000,60000,2024-07-03,2024-07,60.0
204,2,Gacoan Malang Sulfat,Malang,3,Mie Iblis,Mie,1,25000,10000,25000,15000,2024-12-28,2024-12,60.0
205,5,Gacoan Jogja Seturan,Yogyakarta,2,Mie Setan,Mie,5,22000,9000,110000,65000,2024-01-24,2024-01,59.09090909090909
206,1,Gacoan Malang Soekarno Hatta,Malang,5,Es Teh Jumbo,Minuman,5,8000,3000,40000,25000,2024-12-23,2024-12,62.5
207,2,Gacoan Malang Sulfat,Malang,4,Dimsum Udang,Dimsum,2,15000,7000,30000,16000,2024-01-07,2024-01,53.333333333333336
208,5,Gacoan Jogja Seturan,Yogyakarta,3,Mie Iblis,Mie,8,25000,10000,200000,120000,2024-09-02,2024-09,60.0
209,4,Gacoan Surabaya Darmo,Surabaya,3,Mie Iblis,Mie,3,25000,10000,75000,45000,2024-01-27,2024-01,60.0
210,3,Gacoan Surabaya Gubeng,Surabaya,4,Dimsum Udang,Dimsum,2,15000,7000,30000,16000,2024-02-03,2024-02,53.333333333333336
211,4,Gacoan Surabaya Darmo,Surabaya,4,Dimsum Udang,Dimsum,2,15000,7000,30000,16000,2024-10-22,2024-10,53.333333333333336
212,1,Gacoan Malang Soekarno Hatta,Malang,2,Mie Setan,Mie,3,22000,9000,66000,39000,2024-10-15,2024-10,59.09090909090909
213,3,Gacoan Surabaya Gubeng,Surabaya,1,Mie Hompimpa,Mie,4,18000,8000,72000,40000,2024-03-01,2024-03,55.55555555555556
214,5,Gacoan Jogja Seturan,Yogyakarta,4,Dimsum Udang,Dimsum,10,15000,7000,150000,80000,2024-11-01,2024-11,53.333333333333336
215,5,Gacoan Jogja Seturan,Yogyakarta,2,Mie Setan,Mie,9,22000,9000,198000,117000,2024-07-13,2024-07,59.09090909090909
216,4,Gacoan Surabaya Darmo,Surabaya,4,Dimsum Udang,Dimsum,5,15000,7000,75000,40000,2024-10-28,2024-10,53.333333333333336
217,4,Gacoan Surabaya Darmo,Surabaya,3,Mie Iblis,Mie,10,25000,10000,250000,150000,2024-11-13,2024-11,60.0
218,1,Gacoan Malang Soekarno Hatta,Malang,5,Es Teh Jumbo,Minuman,2,8000,3000,16000,10000,2024-04-16,2024-04,62.5
219,2,Gacoan Malang Sulfat,Malang,3,Mie Iblis,Mie,2,25000,10000,50000,30000,2024-03-21,2024-03,60.0
220,2,Gacoan Malang Sulfat,Malang,2,Mie Setan,Mie,9,22000,9000,198000,117000,2024-02-08,2024-02,59.09090909090909
221,2,Gacoan Malang Sulfat,Malang,1,Mie Hompimpa,Mie,7,18000,8000,126000,70000,2024-08-18,2024-08,55.55555555555556
222,5,Gacoan Jogja Seturan,Yogyakarta,4,Dimsum Udang,Dimsum,5,15000,7000,75000,40000,2024-01-17,2024-01,53.333333333333336
223,2,Gacoan Malang Sulfat,Malang,3,Mie Iblis,Mie,5,25000,10000,125000,75000,2024-12-25,2024-12,60.0
224,4,Gacoan Surabaya Darmo,Surabaya,1,Mie Hompimpa,Mie,4,18000,8000,72000,40000,2024-05-15,2024-05,55.55555555555556
225,5,Gacoan Jogja Seturan,Yogyakarta,2,Mie Setan,Mie,7,22000,9000,154000,91000,2024-02-28,2024-02,59.09090909090909
226,5,Gacoan Jogja Seturan,Yogyakarta,2,Mie Setan,Mie,3,22000,9000,66000,39000,2024-05-16,2024-05,59.09090909090909
227,2,Gacoan Malang Sulfat,Malang,1,Mie Hompimpa,Mie,1,18000,8000,18000,10000,2024-03-25,2024-03,55.55555555555556
228,3,Gacoan Surabaya Gubeng,Surabaya,5,Es Teh Jumbo,Minuman,10,8000,3000,80000,50000,2024-05-27,2024-05,62.5
229,4,Gacoan Surabaya Darmo,Surabaya,1,Mie Hompimpa,Mie,8,18000,8000,144000,80000,2024-12-18,2024-12,55.55555555555556
230,3,Gacoan Surabaya Gubeng,Surabaya,4,Dimsum Udang,Dimsum,5,15000,7000,75000,40000,2024-09-13,2024-09,53.333333333333336
231,5,Gacoan Jogja Seturan,Yogyakarta,4,Dimsum Udang,Dimsum,8,15000,7000,120000,64000,2024-02-11,2024-02,53.333333333333336
232,5,Gacoan Jogja Seturan,Yogyakarta,1,Mie Hompimpa,Mie,7,18000,8000,126000,70000,2024-06-14,2024-06,55.55555555555556
233,5,Gacoan Jogja Seturan,Yogyakarta,3,Mie Iblis,Mie,1,25000,10000,25000,15000,2024-02-16,2024-02,60.0
234,2,Gacoan Malang Sulfat,Malang,5,Es Teh Jumbo,Minuman,10,8000,3000,80000,50000,2024-01-11,2024-01,62.5
235,3,Gacoan Surabaya Gubeng,Surabaya,5,Es Teh Jumbo,Minuman,1,8000,3000,8000,5000,2024-03-30,2024-03,62.5
236,4,Gacoan Surabaya Darmo,Surabaya,5,Es Teh Jumbo,Minuman,8,8000,3000,64000,40000,2024-05-22,2024-05,62.5
237,2,Gacoan Malang Sulfat,Malang,5,Es Teh Jumbo,Minuman,7,8000,3000,56000,35000,2024-11-21,2024-11,62.5
238,4,Gacoan Surabaya Darmo,Surabaya,1,Mie Hompimpa,Mie,8,18000,8000,144000,80000,2024-06-27,2024-06,55.55555555555556
239,4,Gacoan Surabaya Darmo,Surabaya,3,Mie Iblis,Mie,6,25000,10000,150000,90000,2024-12-09,2024-12,60.0
240,1,Gacoan Malang Soekarno Hatta,Malang,2,Mie Setan,Mie,6,22000,9000,132000,78000,2024-07-29,2024-07,59.09090909090909
241,4,Gacoan Surabaya Darmo,Surabaya,3,Mie Iblis,Mie,7,25000,10000,175000,105000,2024-10-08,2024-10,60.0
242,1,Gacoan Malang Soekarno Hatta,Malang,4,Dimsum Udang,Dimsum,2,15000,7000,30000,16000,2024-06-10,2024-06,53.333333333333336
243,3,Gacoan Surabaya Gubeng,Surabaya,3,Mie Iblis,Mie,2,25000,10000,50000,30000,2024-07-25,2024-07,60.0
244,5,Gacoan Jogja Seturan,Yogyakarta,1,Mie Hompimpa,Mie,9,18000,8000,162000,90000,2024-08-24,2024-08,55.55555555555556
245,4,Gacoan Surabaya Darmo,Surabaya,1,Mie Hompimpa,Mie,4,18000,8000,72000,40000,2024-09-22,2024-09,55.55555555555556
246,3,Gacoan Surabaya Gubeng,Surabaya,5,Es Teh Jumbo,Minuman,8,8000,3000,64000,40000,2024-11-16,2024-11,62.5
247,4,Gacoan Surabaya Darmo,Surabaya,1,Mie Hompimpa,Mie,4,18000,8000,72000,40000,2024-05-16,2024-05,55.55555555555556
248,5,Gacoan Jogja Seturan,Yogyakarta,2,Mie Setan,Mie,5,22000,9000,110000,65000,2024-08-12,2024-08,59.09090909090909
249,4,Gacoan Surabaya Darmo,Surabaya,1,Mie Hompimpa,Mie,1,18000,8000,18000,10000,2024-11-18,2024-11,55.55555555555556
250,5,Gacoan Jogja Seturan,Yogyakarta,2,Mie Setan,Mie,3,22000,9000,66000,39000,2024-06-08,2024-06,59.09090909090909
251,5,Gacoan Jogja Seturan,Yogyakarta,1,Mie Hompimpa,Mie,9,18000,8000,162000,90000,2024-07-27,2024-07,55.55555555555556
252,1,Gacoan Malang Soekarno Hatta,Malang,2,Mie Setan,Mie,2,22000,9000,44000,26000,2024-08-24,2024-08,59.09090909090909
253,1,Gacoan Malang Soekarno Hatta,Malang,2,Mie Setan,Mie,8,22000,9000,176000,104000,2024-05-29,2024-05,59.09090909090909
254,5,Gacoan Jogja Seturan,Yogyakarta,3,Mie Iblis,Mie,7,25000,10000,175000,105000,2024-09-04,2024-09,60.0
255,4,Gacoan Surabaya Darmo,Surabaya,2,Mie Setan,Mie,8,22000,9000,176000,104000,2024-10-09,2024-10,59.09090909090909
256,2,Gacoan Malang Sulfat,Malang,4,Dimsum Udang,Dimsum,4,15000,7000,60000,32000,2024-11-02,2024-11,53.333333333333336
257,5,Gacoan Jogja Seturan,Yogyakarta,2,Mie Setan,Mie,2,22000,9000,44000,26000,2024-05-21,2024-05,59.09090909090909
258,4,Gacoan Surabaya Darmo,Surabaya,3,Mie Iblis,Mie,9,25000,10000,225000,135000,2024-05-16,2024-05,60.0
259,1,Gacoan Malang Soekarno Hatta,Malang,3,Mie Iblis,Mie,5,25000,10000,125000,75000,2024-10-27,2024-10,60.0
260,5,Gacoan Jogja Seturan,Yogyakarta,4,Dimsum Udang,Dimsum,3,15000,7000,45000,24000,2024-08-16,2024-08,53.333333333333336
261,5,Gacoan Jogja Seturan,Yogyakarta,4,Dimsum Udang,Dimsum,6,15000,7000,90000,48000,2024-06-19,2024-06,53.333333333333336
262,5,Gacoan Jogja Seturan,Yogyakarta,5,Es Teh Jumbo,Minuman,7,8000,3000,56000,35000,2024-08-21,2024-08,62.5
263,3,Gacoan Surabaya Gubeng,Surabaya,2,Mie Setan,Mie,4,22000,9000,88000,52000,2024-10-19,2024-10,59.09090909090909
264,4,Gacoan Surabaya Darmo,Surabaya,2,Mie Setan,Mie,7,22000,9000,154000,91000,2024-01-23,2024-01,59.09090909090909
265,3,Gacoan Surabaya Gubeng,Surabaya,4,Dimsum Udang,Dimsum,7,15000,7000,105000,56000,2024-07-16,2024-07,53.333333333333336
266,2,Gacoan Malang Sulfat,Malang,4,Dimsum Udang,Dimsum,1,15000,7000,15000,8000,2024-03-05,2024-03,53.333333333333336
267,5,Gacoan Jogja Seturan,Yogyakarta,5,Es Teh Jumbo,Minuman,6,8000,3000,48000,30000,2024-02-21,2024-02,62.5
268,4,Gacoan Surabaya Darmo,Surabaya,1,Mie Hompimpa,Mie,9,18000,8000,162000,90000,2024-08-21,2024-08,55.55555555555556
269,1,Gacoan Malang Soekarno Hatta,Malang,2,Mie Setan,Mie,7,22000,9000,154000,91000,2024-12-01,2024-12,59.09090909090909
270,2,Gacoan Malang Sulfat,Malang,1,Mie Hompimpa,Mie,8,18000,8000,144000,80000,2024-05-15,2024-05,55.55555555555556
271,3,Gacoan Surabaya Gubeng,Surabaya,5,Es Teh Jumbo,Minuman,7,8000,3000,56000,35000,2024-11-28,2024-11,62.5
272,1,Gacoan Malang Soekarno Hatta,Malang,3,Mie Iblis,Mie,9,25000,10000,225000,135000,2024-07-13,2024-07,60.0
273,3,Gacoan Surabaya Gubeng,Surabaya,4,Dimsum Udang,Dimsum,9,15000,7000,135000,72000,2024-01-19,2024-01,53.333333333333336
274,5,Gacoan Jogja Seturan,Yogyakarta,1,Mie Hompimpa,Mie,4,18000,8000,72000,40000,2024-11-19,2024-11,55.55555555555556
275,3,Gacoan Surabaya Gubeng,Surabaya,2,Mie Setan,Mie,2,22000,9000,44000,26000,2024-08-10,2024-08,59.09090909090909
276,1,Gacoan Malang Soekarno Hatta,Malang,1,Mie Hompimpa,Mie,8,18000,8000,144000,80000,2024-03-26,2024-03,55.55555555555556
277,3,Gacoan Surabaya Gubeng,Surabaya,1,Mie Hompimpa,Mie,1,18000,8000,18000,10000,2024-06-15,2024-06,55.55555555555556
278,1,Gacoan Malang Soekarno Hatta,Malang,3,Mie Iblis,Mie,6,25000,10000,150000,90000,2024-07-10,2024-07,60.0
279,4,Gacoan Surabaya Darmo,Surabaya,2,Mie Setan,Mie,4,22000,9000,88000,52000,2024-09-28,2024-09,59.09090909090909
280,4,Gacoan Surabaya Darmo,Surabaya,5,Es Teh Jumbo,Minuman,3,8000,3000,24000,15000,2024-03-28,2024-03,62.5
281,2,Gacoan Malang Sulfat,Malang,1,Mie Hompimpa,Mie,10,18000,8000,180000,100000,2024-07-14,2024-07,55.55555555555556
282,5,Gacoan Jogja Seturan,Yogyakarta,2,Mie Setan,Mie,8,22000,9000,176000,104000,2024-10-25,2024-10,59.09090909090909
283,2,Gacoan Malang Sulfat,Malang,2,Mie Setan,Mie,8,22000,9000,176000,104000,2024-11-22,2024-11,59.09090909090909
284,3,Gacoan Surabaya Gubeng,Surabaya,4,Dimsum Udang,Dimsum,5,15000,7000,75000,40000,2024-12-07,2024-12,53.333333333333336
285,1,Gacoan Malang Soekarno Hatta,Malang,4,Dimsum Udang,Dimsum,5,15000,7000,75000,40000,2024-12-12,2024-12,53.333333333333336
286,5,Gacoan Jogja Seturan,Yogyakarta,2,Mie Setan,Mie,2,22000,9000,44000,26000,2024-08-14,2024-08,59.09090909090909
287,3,Gacoan Surabaya Gubeng,Surabaya,5,Es Teh Jumbo,Minuman,5,8000,3000,40000,25000,2024-11-23,2024-11,62.5
288,4,Gacoan Surabaya Darmo,Surabaya,3,Mie Iblis,Mie,8,25000,10000,200000,120000,2024-06-03,2024-06,60.0
289,2,Gacoan Malang Sulfat,Malang,4,Dimsum Udang,Dimsum,8,15000,7000,120000,64000,2024-02-24,2024-02,53.333333333333336
290,2,Gacoan Malang Sulfat,Malang,4,Dimsum Udang,Dimsum,10,15000,7000,150000,80000,2024-07-02,2024-07,53.333333333333336
291,5,Gacoan Jogja Seturan,Yogyakarta,3,Mie Iblis,Mie,5,25000,10000,125000,75000,2024-01-12,2024-01,60.0
292,4,Gacoan Surabaya Darmo,Surabaya,3,Mie Iblis,Mie,1,25000,10000,25000,15000,2024-10-16,2024-10,60.0
293,1,Gacoan Malang Soekarno Hatta,Malang,5,Es Teh Jumbo,Minuman,8,8000,3000,64000,40000,2024-05-26,2024-05,62.5
294,2,Gacoan Malang Sulfat,Malang,5,Es Teh Jumbo,Minuman,6,8000,3000,48000,30000,2024-04-22,2024-04,62.5
295,2,Gacoan Malang Sulfat,Malang,5,Es Teh Jumbo,Minuman,5,8000,3000,40000,25000,2024-12-13,2024-12,62.5
296,2,Gacoan Malang Sulfat,Malang,1,Mie Hompimpa,Mie,1,18000,8000,18000,10000,2024-06-07,2024-06,55.55555555555556
297,4,Gacoan Surabaya Darmo,Surabaya,1,Mie Hompimpa,Mie,10,18000,8000,180000,100000,2024-07-05,2024-07,55.55555555555556
298,2,Gacoan Malang Sulfat,Malang,1,Mie Hompimpa,Mie,5,18000,8000,90000,50000,2024-06-16,2024-06,55.55555555555556
299,4,Gacoan Surabaya Darmo,Surabaya,2,Mie Setan,Mie,4,22000,9000,88000,52000,2024-03-08,2024-03,59.09090909090909
300,5,Gacoan Jogja Seturan,Yogyakarta,3,Mie Iblis,Mie,9,25000,10000,225000,135000,2024-09-13,2024-09,60.0
301,3,Gacoan Surabaya Gubeng,Surabaya,2,Mie Setan,Mie,5,22000,9000,110000,65000,2024-09-03,2024-09,59.09090909090909
302,3,Gacoan Surabaya Gubeng,Surabaya,3,Mie Iblis,Mie,2,25000,10000,50000,30000,2024-08-27,2024-08,60.0
303,1,Gacoan Malang Soekarno Hatta,Malang,2,Mie Setan,Mie,4,22000,9000,88000,52000,2024-12-12,2024-12,59.09090909090909
304,4,Gacoan Surabaya Darmo,Surabaya,5,Es Teh Jumbo,Minuman,6,8000,3000,48000,30000,2024-02-16,2024-02,62.5
305,4,Gacoan Surabaya Darmo,Surabaya,1,Mie Hompimpa,Mie,5,18000,8000,90000,50000,2024-10-01,2024-10,55.55555555555556
306,1,Gacoan Malang Soekarno Hatta,Malang,4,Dimsum Udang,Dimsum,6,15000,7000,90000,48000,2024-12-10,2024-12,53.333333333333336
307,3,Gacoan Surabaya Gubeng,Surabaya,5,Es Teh Jumbo,Minuman,7,8000,3000,56000,35000,2024-11-22,2024-11,62.5
308,3,Gacoan Surabaya Gubeng,Surabaya,1,Mie Hompimpa,Mie,4,18000,8000,72000,40000,2024-08-29,2024-08,55.55555555555556
309,1,Gacoan Malang Soekarno Hatta,Malang,5,Es Teh Jumbo,Minuman,9,8000,3000,72000,45000,2024-06-16,2024-06,62.5
310,5,Gacoan Jogja Seturan,Yogyakarta,2,Mie Setan,Mie,2,22000,9000,44000,26000,2024-11-21,2024-11,59.09090909090909
311,4,Gacoan Surabaya Darmo,Surabaya,3,Mie Iblis,Mie,7,25000,10000,175000,105000,2024-02-29,2024-02,60.0
312,2,Gacoan Malang Sulfat,Malang,1,Mie Hompimpa,Mie,1,18000,8000,18000,10000,2024-06-04,2024-06,55.55555555555556
313,4,Gacoan Surabaya Darmo,Surabaya,1,Mie Hompimpa,Mie,2,18000,8000,36000,20000,2024-04-30,2024-04,55.55555555555556
314,5,Gacoan Jogja Seturan,Yogyakarta,2,Mie Setan,Mie,7,22000,9000,154000,91000,2024-08-20,2024-08,59.09090909090909
315,3,Gacoan Surabaya Gubeng,Surabaya,5,Es Teh Jumbo,Minuman,7,8000,3000,56000,35000,2024-10-27,2024-10,62.5
316,2,Gacoan Malang Sulfat,Malang,4,Dimsum Udang,Dimsum,2,15000,7000,30000,16000,2024-09-07,2024-09,53.333333333333336
317,5,Gacoan Jogja Seturan,Yogyakarta,4,Dimsum Udang,Dimsum,5,15000,7000,75000,40000,2024-01-17,2024-01,53.333333333333336
318,3,Gacoan Surabaya Gubeng,Surabaya,2,Mie Setan,Mie,8,22000,9000,176000,104000,2024-08-15,2024-08,59.09090909090909
319,2,Gacoan Malang Sulfat,Malang,3,Mie Iblis,Mie,2,25000,10000,50000,30000,2024-12-17,2024-12,60.0
320,3,Gacoan Surabaya Gubeng,Surabaya,5,Es Teh Jumbo,Minuman,6,8000,3000,48000,30000,2024-02-01,2024-02,62.5
321,4,Gacoan Surabaya Darmo,Surabaya,3,Mie Iblis,Mie,4,25000,10000,100000,60000,2024-03-03,2024-03,60.0
322,4,Gacoan Surabaya Darmo,Surabaya,1,Mie Hompimpa,Mie,4,18000,8000,72000,40000,2024-11-24,2024-11,55.55555555555556
323,5,Gacoan Jogja Seturan,Yogyakarta,1,Mie Hompimpa,Mie,1,18000,8000,18000,10000,2024-06-19,2024-06,55.55555555555556
324,2,Gacoan Malang Sulfat,Malang,2,Mie Setan,Mie,10,22000,9000,220000,130000,2024-04-15,2024-04,59.09090909090909
325,1,Gacoan Malang Soekarno Hatta,Malang,5,Es Teh Jumbo,Minuman,4,8000,3000,32000,20000,2024-10-27,2024-10,62.5
326,2,Gacoan Malang Sulfat,Malang,2,Mie Setan,Mie,6,22000,9000,132000,78000,2024-03-16,2024-03,59.09090909090909
327,5,Gacoan Jogja Seturan,Yogyakarta,1,Mie Hompimpa,Mie,5,18000,8000,90000,50000,2024-03-15,2024-03,55.55555555555556
328,2,Gacoan Malang Sulfat,Malang,5,Es Teh Jumbo,Minuman,5,8000,3000,40000,25000,2024-03-30,2024-03,62.5
329,1,Gacoan Malang Soekarno Hatta,Malang,1,Mie Hompimpa,Mie,3,18000,8000,54000,30000,2024-01-08,2024-01,55.55555555555556
330,3,Gacoan Surabaya Gubeng,Surabaya,2,Mie Setan,Mie,10,22000,9000,220000,130000,2024-06-14,2024-06,59.09090909090909
331,1,Gacoan Malang Soekarno Hatta,Malang,2,Mie Setan,Mie,5,22000,9000,110000,65000,2024-01-27,2024-01,59.09090909090909
332,2,Gacoan Malang Sulfat,Malang,4,Dimsum Udang,Dimsum,9,15000,7000,135000,72000,2024-02-28,2024-02,53.333333333333336
333,1,Gacoan Malang Soekarno Hatta,Malang,4,Dimsum Udang,Dimsum,8,15000,7000,120000,64000,2024-07-04,2024-07,53.333333333333336
334,5,Gacoan Jogja Seturan,Yogyakarta,5,Es Teh Jumbo,Minuman,2,8000,3000,16000,10000,2024-08-19,2024-08,62.5
335,5,Gacoan Jogja Seturan,Yogyakarta,2,Mie Setan,Mie,10,22000,9000,220000,130000,2024-01-23,2024-01,59.09090909090909
336,5,Gacoan Jogja Seturan,Yogyakarta,3,Mie Iblis,Mie,8,25000,10000,200000,120000,2024-11-25,2024-11,60.0
337,1,Gacoan Malang Soekarno Hatta,Malang,1,Mie Hompimpa,Mie,8,18000,8000,144000,80000,2024-07-24,2024-07,55.55555555555556
338,4,Gacoan Surabaya Darmo,Surabaya,1,Mie Hompimpa,Mie,8,18000,8000,144000,80000,2024-12-30,2024-12,55.55555555555556
339,4,Gacoan Surabaya Darmo,Surabaya,1,Mie Hompimpa,Mie,2,18000,8000,36000,20000,2024-06-13,2024-06,55.55555555555556
340,5,Gacoan Jogja Seturan,Yogyakarta,2,Mie Setan,Mie,2,22000,9000,44000,26000,2024-03-05,2024-03,59.09090909090909
341,3,Gacoan Surabaya Gubeng,Surabaya,5,Es Teh Jumbo,Minuman,10,8000,3000,80000,50000,2024-10-07,2024-10,62.5
342,3,Gacoan Surabaya Gubeng,Surabaya,4,Dimsum Udang,Dimsum,10,15000,7000,150000,80000,2024-09-28,2024-09,53.333333333333336
343,3,Gacoan Surabaya Gubeng,Surabaya,4,Dimsum Udang,Dimsum,9,15000,7000,135000,72000,2024-11-05,2024-11,53.333333333333336
344,4,Gacoan Surabaya Darmo,Surabaya,1,Mie Hompimpa,Mie,2,18000,8000,36000,20000,2024-12-01,2024-12,55.55555555555556
345,5,Gacoan Jogja Seturan,Yogyakarta,2,Mie Setan,Mie,7,22000,9000,154000,91000,2024-08-19,2024-08,59.09090909090909
346,2,Gacoan Malang Sulfat,Malang,4,Dimsum Udang,Dimsum,6,15000,7000,90000,48000,2024-08-20,2024-08,53.333333333333336
347,4,Gacoan Surabaya Darmo,Surabaya,4,Dimsum Udang,Dimsum,2,15000,7000,30000,16000,2024-06-09,2024-06,53.333333333333336
348,4,Gacoan Surabaya Darmo,Surabaya,3,Mie Iblis,Mie,5,25000,10000,125000,75000,2024-07-10,2024-07,60.0
349,2,Gacoan Malang Sulfat,Malang,4,Dimsum Udang,Dimsum,2,15000,7000,30000,16000,2024-02-16,2024-02,53.333333333333336
350,1,Gacoan Malang Soekarno Hatta,Malang,1,Mie Hompimpa,Mie,7,18000,8000,126000,70000,2024-02-19,2024-02,55.55555555555556
351,3,Gacoan Surabaya Gubeng,Surabaya,2,Mie Setan,Mie,9,22000,9000,198000,117000,2024-01-31,2024-01,59.09090909090909
352,5,Gacoan Jogja Seturan,Yogyakarta,5,Es Teh Jumbo,Minuman,9,8000,3000,72000,45000,2024-06-17,2024-06,62.5
353,1,Gacoan Malang Soekarno Hatta,Malang,4,Dimsum Udang,Dimsum,6,15000,7000,90000,48000,2024-12-06,2024-12,53.333333333333336
354,4,Gacoan Surabaya Darmo,Surabaya,1,Mie Hompimpa,Mie,5,18000,8000,90000,50000,2024-11-03,2024-11,55.55555555555556
355,3,Gacoan Surabaya Gubeng,Surabaya,3,Mie Iblis,Mie,2,25000,10000,50000,30000,2024-10-22,2024-10,60.0
356,5,Gacoan Jogja Seturan,Yogyakarta,2,Mie Setan,Mie,3,22000,9000,66000,39000,2024-12-02,2024-12,59.09090909090909
357,4,Gacoan Surabaya Darmo,Surabaya,2,Mie Setan,Mie,2,22000,9000,44000,26000,2024-06-28,2024-06,59.09090909090909
358,5,Gacoan Jogja Seturan,Yogyakarta,3,Mie Iblis,Mie,2,25000,10000,50000,30000,2024-05-22,2024-05,60.0
359,5,Gacoan Jogja Seturan,Yogyakarta,2,Mie Setan,Mie,7,22000,9000,154000,91000,2024-10-14,2024-10,59.09090909090909
360,5,Gacoan Jogja Seturan,Yogyakarta,5,Es Teh Jumbo,Minuman,9,8000,3000,72000,45000,2024-01-14,2024-01,62.5
361,5,Gacoan Jogja Seturan,Yogyakarta,3,Mie Iblis,Mie,1,25000,10000,25000,15000,2024-04-02,2024-04,60.0
362,3,Gacoan Surabaya Gubeng,Surabaya,3,Mie Iblis,Mie,6,25000,10000,150000,90000,2024-06-28,2024-06,60.0
363,1,Gacoan Malang Soekarno Hatta,Malang,2,Mie Setan,Mie,3,22000,9000,66000,39000,2024-10-16,2024-10,59.09090909090909
364,4,Gacoan Surabaya Darmo,Surabaya,1,Mie Hompimpa,Mie,3,18000,8000,54000,30000,2024-11-20,2024-11,55.55555555555556
365,1,Gacoan Malang Soekarno Hatta,Malang,1,Mie Hompimpa,Mie,9,18000,8000,162000,90000,2024-04-20,2024-04,55.55555555555556
366,4,Gacoan Surabaya Darmo,Surabaya,4,Dimsum Udang,Dimsum,8,15000,7000,120000,64000,2024-06-23,2024-06,53.333333333333336
367,2,Gacoan Malang Sulfat,Malang,3,Mie Iblis,Mie,5,25000,10000,125000,75000,2024-06-15,2024-06,60.0
368,5,Gacoan Jogja Seturan,Yogyakarta,5,Es Teh Jumbo,Minuman,2,8000,3000,16000,10000,2024-01-27,2024-01,62.5
369,2,Gacoan Malang Sulfat,Malang,2,Mie Setan,Mie,10,22000,9000,220000,130000,2024-01-26,2024-01,59.09090909090909
370,1,Gacoan Malang Soekarno Hatta,Malang,3,Mie Iblis,Mie,8,25000,10000,200000,120000,2024-12-04,2024-12,60.0
371,4,Gacoan Surabaya Darmo,Surabaya,4,Dimsum Udang,Dimsum,10,15000,7000,150000,80000,2024-08-14,2024-08,53.333333333333336
372,4,Gacoan Surabaya Darmo,Surabaya,3,Mie Iblis,Mie,4,25000,10000,100000,60000,2024-09-19,2024-09,60.0
373,1,Gacoan Malang Soekarno Hatta,Malang,3,Mie Iblis,Mie,7,25000,10000,175000,105000,2024-02-26,2024-02,60.0
374,3,Gacoan Surabaya Gubeng,Surabaya,5,Es Teh Jumbo,Minuman,8,8000,3000,64000,40000,2024-09-26,2024-09,62.5
375,3,Gacoan Surabaya Gubeng,Surabaya,1,Mie Hompimpa,Mie,4,18000,8000,72000,40000,2024-07-21,2024-07,55.55555555555556
376,5,Gacoan Jogja Seturan,Yogyakarta,1,Mie Hompimpa,Mie,1,18000,8000,18000,10000,2024-04-14,2024-04,55.55555555555556
377,3,Gacoan Surabaya Gubeng,Surabaya,2,Mie Setan,Mie,3,22000,9000,66000,39000,2024-05-10,2024-05,59.09090909090909
378,3,Gacoan Surabaya Gubeng,Surabaya,3,Mie Iblis,Mie,2,25000,10000,50000,30000,2024-01-04,2024-01,60.0
379,4,Gacoan Surabaya Darmo,Surabaya,4,Dimsum Udang,Dimsum,3,15000,7000,45000,24000,2024-03-07,2024-03,53.333333333333336
380,4,Gacoan Surabaya Darmo,Surabaya,5,Es Teh Jumbo,Minuman,4,8000,3000,32000,20000,2024-09-13,2024-09,62.5
381,5,Gacoan Jogja Seturan,Yogyakarta,3,Mie Iblis,Mie,2,25000,10000,50000,30000,2024-07-22,2024-07,60.0
382,1,Gacoan Malang Soekarno Hatta,Malang,4,Dimsum Udang,Dimsum,1,15000,7000,15000,8000,2024-08-23,2024-08,53.333333333333336
383,1,Gacoan Malang Soekarno Hatta,Malang,3,Mie Iblis,Mie,10,25000,10000,250000,150000,2024-08-07,2024-08,60.0
384,5,Gacoan Jogja Seturan,Yogyakarta,4,Dimsum Udang,Dimsum,7,15000,7000,105000,56000,2024-05-28,2024-05,53.333333333333336
385,1,Gacoan Malang Soekarno Hatta,Malang,4,Dimsum Udang,Dimsum,1,15000,7000,15000,8000,2024-06-15,2024-06,53.333333333333336
386,2,Gacoan Malang Sulfat,Malang,5,Es Teh Jumbo,Minuman,8,8000,3000,64000,40000,2024-12-19,2024-12,62.5
387,3,Gacoan Surabaya Gubeng,Surabaya,1,Mie Hompimpa,Mie,7,18000,8000,126000,70000,2024-02-24,2024-02,55.55555555555556
388,2,Gacoan Malang Sulfat,Malang,4,Dimsum Udang,Dimsum,10,15000,7000,150000,80000,2024-07-24,2024-07,53.333333333333336
389,5,Gacoan Jogja Seturan,Yogyakarta,1,Mie Hompimpa,Mie,7,18000,8000,126000,70000,2024-06-07,2024-06,55.55555555555556
390,3,Gacoan Surabaya Gubeng,Surabaya,2,Mie Setan,Mie,6,22000,9000,132000,78000,2024-03-27,2024-03,59.09090909090909
391,1,Gacoan Malang Soekarno Hatta,Malang,5,Es Teh Jumbo,Minuman,2,8000,3000,16000,10000,2024-09-28,2024-09,62.5
392,5,Gacoan Jogja Seturan,Yogyakarta,2,Mie Setan,Mie,6,22000,9000,132000,78000,2024-06-28,2024-06,59.09090909090909
393,2,Gacoan Malang Sulfat,Malang,2,Mie Setan,Mie,2,22000,9000,44000,26000,2024-03-15,2024-03,59.09090909090909
394,3,Gacoan Surabaya Gubeng,Surabaya,2,Mie Setan,Mie,3,22000,9000,66000,39000,2024-11-04,2024-11,59.09090909090909
395,2,Gacoan Malang Sulfat,Malang,1,Mie Hompimpa,Mie,3,18000,8000,54000,30000,2024-11-17,2024-11,55.55555555555556
396,4,Gacoan Surabaya Darmo,Surabaya,4,Dimsum Udang,Dimsum,10,15000,7000,150000,80000,2024-10-23,2024-10,53.333333333333336
397,4,Gacoan Surabaya Darmo,Surabaya,5,Es Teh Jumbo,Minuman,10,8000,3000,80000,50000,2024-06-14,2024-06,62.5
398,3,Gacoan Surabaya Gubeng,Surabaya,2,Mie Setan,Mie,8,22000,9000,176000,104000,2024-02-04,2024-02,59.09090909090909
399,4,Gacoan Surabaya Darmo,Surabaya,4,Dimsum Udang,Dimsum,5,15000,7000,75000,40000,2024-05-20,2024-05,53.333333333333336
400,5,Gacoan Jogja Seturan,Yogyakarta,1,Mie Hompimpa,Mie,6,18000,8000,108000,60000,2024-09-16,2024-09,55.55555555555556
401,1,Gacoan Malang Soekarno Hatta,Malang,3,Mie Iblis,Mie,8,25000,10000,200000,120000,2024-08-19,2024-08,60.0
402,1,Gacoan Malang Soekarno Hatta,Malang,1,Mie Hompimpa,Mie,6,18000,8000,108000,60000,2024-05-26,2024-05,55.55555555555556
403,1,Gacoan Malang Soekarno Hatta,Malang,1,Mie Hompimpa,Mie,10,18000,8000,180000,100000,2024-10-31,2024-10,55.55555555555556
404,5,Gacoan Jogja Seturan,Yogyakarta,4,Dimsum Udang,Dimsum,8,15000,7000,120000,64000,2024-10-24,2024-10,53.333333333333336
405,5,Gacoan Jogja Seturan,Yogyakarta,1,Mie Hompimpa,Mie,8,18000,8000,144000,80000,2024-10-19,2024-10,55.55555555555556
406,2,Gacoan Malang Sulfat,Malang,3,Mie Iblis,Mie,10,25000,10000,250000,150000,2024-08-31,2024-08,60.0
407,5,Gacoan Jogja Seturan,Yogyakarta,2,Mie Setan,Mie,1,22000,9000,22000,13000,2024-08-18,2024-08,59.09090909090909
408,1,Gacoan Malang Soekarno Hatta,Malang,3,Mie Iblis,Mie,2,25000,10000,50000,30000,2024-09-15,2024-09,60.0
409,2,Gacoan Malang Sulfat,Malang,1,Mie Hompimpa,Mie,4,18000,8000,72000,40000,2024-12-28,2024-12,55.55555555555556
410,4,Gacoan Surabaya Darmo,Surabaya,4,Dimsum Udang,Dimsum,9,15000,7000,135000,72000,2024-09-24,2024-09,53.333333333333336
411,5,Gacoan Jogja Seturan,Yogyakarta,2,Mie Setan,Mie,6,22000,9000,132000,78000,2024-07-09,2024-07,59.09090909090909
412,3,Gacoan Surabaya Gubeng,Surabaya,4,Dimsum Udang,Dimsum,7,15000,7000,105000,56000,2024-06-22,2024-06,53.333333333333336
413,5,Gacoan Jogja Seturan,Yogyakarta,1,Mie Hompimpa,Mie,6,18000,8000,108000,60000,2024-02-03,2024-02,55.55555555555556
414,3,Gacoan Surabaya Gubeng,Surabaya,1,Mie Hompimpa,Mie,9,18000,8000,162000,90000,2024-12-13,2024-12,55.55555555555556
415,4,Gacoan Surabaya Darmo,Surabaya,3,Mie Iblis,Mie,5,25000,10000,125000,75000,2024-12-02,2024-12,60.0
416,5,Gacoan Jogja Seturan,Yogyakarta,2,Mie Setan,Mie,6,22000,9000,132000,78000,2024-02-11,2024-02,59.09090909090909
417,5,Gacoan Jogja Seturan,Yogyakarta,2,Mie Setan,Mie,6,22000,9000,132000,78000,2024-06-07,2024-06,59.09090909090909
418,4,Gacoan Surabaya Darmo,Surabaya,2,Mie Setan,Mie,10,22000,9000,220000,130000,2024-12-28,2024-12,59.09090909090909
419,1,Gacoan Malang Soekarno Hatta,Malang,3,Mie Iblis,Mie,9,25000,10000,225000,135000,2024-07-11,2024-07,60.0
420,3,Gacoan Surabaya Gubeng,Surabaya,2,Mie Setan,Mie,9,22000,9000,198000,117000,2024-02-17,2024-02,59.09090909090909
421,4,Gacoan Surabaya Darmo,Surabaya,5,Es Teh Jumbo,Minuman,6,8000,3000,48000,30000,2024-01-10,2024-01,62.5
422,3,Gacoan Surabaya Gubeng,Surabaya,3,Mie Iblis,Mie,3,25000,10000,75000,45000,2024-04-19,2024-04,60.0
423,3,Gacoan Surabaya Gubeng,Surabaya,4,Dimsum Udang,Dimsum,4,15000,7000,60000,32000,2024-04-25,2024-04,53.333333333333336
424,2,Gacoan Malang Sulfat,Malang,2,Mie Setan,Mie,2,22000,9000,44000,26000,2024-05-31,2024-05,59.09090909090909
425,1,Gacoan Malang Soekarno Hatta,Malang,5,Es Teh Jumbo,Minuman,9,8000,3000,72000,45000,2024-09-26,2024-09,62.5
426,1,Gacoan Malang Soekarno Hatta,Malang,3,Mie Iblis,Mie,10,25000,10000,250000,150000,2024-03-08,2024-03,60.0
427,5,Gacoan Jogja Seturan,Yogyakarta,4,Dimsum Udang,Dimsum,3,15000,7000,45000,24000,2024-03-24,2024-03,53.333333333333336
428,2,Gacoan Malang Sulfat,Malang,5,Es Teh Jumbo,Minuman,3,8000,3000,24000,15000,2024-08-12,2024-08,62.5
429,1,Gacoan Malang Soekarno Hatta,Malang,4,Dimsum Udang,Dimsum,6,15000,7000,90000,48000,2024-12-12,2024-12,53.333333333333336
430,2,Gacoan Malang Sulfat,Malang,4,Dimsum Udang,Dimsum,10,15000,7000,150000,80000,2024-05-25,2024-05,53.333333333333336
431,4,Gacoan Surabaya Darmo,Surabaya,2,Mie Setan,Mie,9,22000,9000,198000,117000,2024-05-02,2024-05,59.09090909090909
432,3,Gacoan Surabaya Gubeng,Surabaya,4,Dimsum Udang,Dimsum,4,15000,7000,60000,32000,2024-07-07,2024-07,53.333333333333336
433,5,Gacoan Jogja Seturan,Yogyakarta,4,Dimsum Udang,Dimsum,8,15000,7000,120000,64000,2024-05-24,2024-05,53.333333333333336
434,4,Gacoan Surabaya Darmo,Surabaya,5,Es Teh Jumbo,Minuman,9,8000,3000,72000,45000,2024-08-02,2024-08,62.5
435,2,Gacoan Malang Sulfat,Malang,2,Mie Setan,Mie,10,22000,9000,220000,130000,2024-03-11,2024-03,59.09090909090909
436,3,Gacoan Surabaya Gubeng,Surabaya,1,Mie Hompimpa,Mie,8,18000,8000,144000,80000,2024-07-09,2024-07,55.55555555555556
437,5,Gacoan Jogja Seturan,Yogyakarta,1,Mie Hompimpa,Mie,9,18000,8000,162000,90000,2024-03-04,2024-03,55.55555555555556
438,3,Gacoan Surabaya Gubeng,Surabaya,1,Mie Hompimpa,Mie,3,18000,8000,54000,30000,2024-05-19,2024-05,55.55555555555556
439,4,Gacoan Surabaya Darmo,Surabaya,5,Es Teh Jumbo,Minuman,3,8000,3000,24000,15000,2024-08-11,2024-08,62.5
440,1,Gacoan Malang Soekarno Hatta,Malang,2,Mie Setan,Mie,8,22000,9000,176000,104000,2024-06-27,2024-06,59.09090909090909
441,1,Gacoan Malang Soekarno Hatta,Malang,4,Dimsum Udang,Dimsum,1,15000,7000,15000,8000,2024-07-21,2024-07,53.333333333333336
442,5,Gacoan Jogja Seturan,Yogyakarta,3,Mie Iblis,Mie,4,25000,10000,100000,60000,2024-07-16,2024-07,60.0
443,1,Gacoan Malang Soekarno Hatta,Malang,3,Mie Iblis,Mie,4,25000,10000,100000,60000,2024-01-15,2024-01,60.0
444,3,Gacoan Surabaya Gubeng,Surabaya,1,Mie Hompimpa,Mie,6,18000,8000,108000,60000,2024-03-15,2024-03,55.55555555555556
445,2,Gacoan Malang Sulfat,Malang,1,Mie Hompimpa,Mie,5,18000,8000,90000,50000,2024-08-29,2024-08,55.55555555555556
446,2,Gacoan Malang Sulfat,Malang,4,Dimsum Udang,Dimsum,8,15000,7000,120000,64000,2024-11-11,2024-11,53.333333333333336
447,1,Gacoan Malang Soekarno Hatta,Malang,1,Mie Hompimpa,Mie,1,18000,8000,18000,10000,2024-05-11,2024-05,55.55555555555556
448,2,Gacoan Malang Sulfat,Malang,2,Mie Setan,Mie,9,22000,9000,198000,117000,2024-11-07,2024-11,59.09090909090909
449,5,Gacoan Jogja Seturan,Yogyakarta,4,Dimsum Udang,Dimsum,2,15000,7000,30000,16000,2024-05-27,2024-05,53.333333333333336
450,2,Gacoan Malang Sulfat,Malang,3,Mie Iblis,Mie,2,25000,10000,50000,30000,2024-01-25,2024-01,60.0
451,2,Gacoan Malang Sulfat,Malang,4,Dimsum Udang,Dimsum,10,15000,7000,150000,80000,2024-08-22,2024-08,53.333333333333336
452,1,Gacoan Malang Soekarno Hatta,Malang,1,Mie Hompimpa,Mie,8,18000,8000,144000,80000,2024-11-01,2024-11,55.55555555555556
453,5,Gacoan Jogja Seturan,Yogyakarta,1,Mie Hompimpa,Mie,9,18000,8000,162000,90000,2024-10-21,2024-10,55.55555555555556
454,2,Gacoan Malang Sulfat,Malang,2,Mie Setan,Mie,5,22000,9000,110000,65000,2024-08-07,2024-08,59.09090909090909
455,1,Gacoan Malang Soekarno Hatta,Malang,5,Es Teh Jumbo,Minuman,6,8000,3000,48000,30000,2024-05-03,2024-05,62.5
456,5,Gacoan Jogja Seturan,Yogyakarta,4,Dimsum Udang,Dimsum,3,15000,7000,45000,24000,2024-12-06,2024-12,53.333333333333336
457,1,Gacoan Malang Soekarno Hatta,Malang,5,Es Teh Jumbo,Minuman,6,8000,3000,48000,30000,2024-02-04,2024-02,62.5
458,5,Gacoan Jogja Seturan,Yogyakarta,5,Es Teh Jumbo,Minuman,9,8000,3000,72000,45000,2024-09-16,2024-09,62.5
459,5,Gacoan Jogja Seturan,Yogyakarta,1,Mie Hompimpa,Mie,7,18000,8000,126000,70000,2024-08-28,2024-08,55.55555555555556
460,1,Gacoan Malang Soekarno Hatta,Malang,4,Dimsum Udang,Dimsum,6,15000,7000,90000,48000,2024-05-09,2024-05,53.333333333333336
461,1,Gacoan Malang Soekarno Hatta,Malang,3,Mie Iblis,Mie,2,25000,10000,50000,30000,2024-06-25,2024-06,60.0
462,2,Gacoan Malang Sulfat,Malang,1,Mie Hompimpa,Mie,10,18000,8000,180000,100000,2024-06-19,2024-06,55.55555555555556
463,2,Gacoan Malang Sulfat,Malang,1,Mie Hompimpa,Mie,6,18000,8000,108000,60000,2024-10-06,2024-10,55.55555555555556
464,3,Gacoan Surabaya Gubeng,Surabaya,2,Mie Setan,Mie,8,22000,9000,176000,104000,2024-12-22,2024-12,59.09090909090909
465,4,Gacoan Surabaya Darmo,Surabaya,2,Mie Setan,Mie,3,22000,9000,66000,39000,2024-02-02,2024-02,59.09090909090909
466,4,Gacoan Surabaya Darmo,Surabaya,1,Mie Hompimpa,Mie,5,18000,8000,90000,50000,2024-04-13,2024-04,55.55555555555556
467,1,Gacoan Malang Soekarno Hatta,Malang,2,Mie Setan,Mie,1,22000,9000,22000,13000,2024-06-10,2024-06,59.09090909090909
468,3,Gacoan Surabaya Gubeng,Surabaya,5,Es Teh Jumbo,Minuman,7,8000,3000,56000,35000,2024-10-05,2024-10,62.5
469,4,Gacoan Surabaya Darmo,Surabaya,3,Mie Iblis,Mie,1,25000,10000,25000,15000,2024-11-27,2024-11,60.0
470,2,Gacoan Malang Sulfat,Malang,3,Mie Iblis,Mie,6,25000,10000,150000,90000,2024-01-25,2024-01,60.0
471,3,Gacoan Surabaya Gubeng,Surabaya,3,Mie Iblis,Mie,2,25000,10000,50000,30000,2024-07-07,2024-07,60.0
472,4,Gacoan Surabaya Darmo,Surabaya,4,Dimsum Udang,Dimsum,8,15000,7000,120000,64000,2024-07-16,2024-07,53.333333333333336
473,3,Gacoan Surabaya Gubeng,Surabaya,2,Mie Setan,Mie,8,22000,9000,176000,104000,2024-12-20,2024-12,59.09090909090909
474,4,Gacoan Surabaya Darmo,Surabaya,3,Mie Iblis,Mie,9,25000,10000,225000,135000,2024-05-16,2024-05,60.0
475,1,Gacoan Malang Soekarno Hatta,Malang,4,Dimsum Udang,Dimsum,2,15000,7000,30000,16000,2024-08-08,2024-08,53.333333333333336
476,5,Gacoan Jogja Seturan,Yogyakarta,2,Mie Setan,Mie,9,22000,9000,198000,117000,2024-05-30,2024-05,59.09090909090909
477,3,Gacoan Surabaya Gubeng,Surabaya,1,Mie Hompimpa,Mie,2,18000,8000,36000,20000,2024-06-16,2024-06,55.55555555555556
478,3,Gacoan Surabaya Gubeng,Surabaya,3,Mie Iblis,Mie,8,25000,10000,200000,120000,2024-11-04,2024-11,60.0
479,4,Gacoan Surabaya Darmo,Surabaya,2,Mie Setan,Mie,8,22000,9000,176000,104000,2024-06-28,2024-06,59.09090909090909
480,4,Gacoan Surabaya Darmo,Surabaya,1,Mie Hompimpa,Mie,6,18000,8000,108000,60000,2024-11-10,2024-11,55.55555555555556
481,4,Gacoan Surabaya Darmo,Surabaya,3,Mie Iblis,Mie,1,25000,10000,25000,15000,2024-02-08,2024-02,60.0
482,4,Gacoan Surabaya Darmo,Surabaya,3,Mie Iblis,Mie,9,25000,10000,225000,135000,2024-12-13,2024-12,60.0
483,2,Gacoan Malang Sulfat,Malang,1,Mie Hompimpa,Mie,3,18000,8000,54000,30000,2024-11-07,2024-11,55.55555555555556
484,4,Gacoan Surabaya Darmo,Surabaya,1,Mie Hompimpa,Mie,3,18000,8000,54000,30000,2024-02-04,2024-02,55.55555555555556
485,2,Gacoan Malang Sulfat,Malang,3,Mie Iblis,Mie,6,25000,10000,150000,90000,2024-07-15,2024-07,60.0
486,5,Gacoan Jogja Seturan,Yogyakarta,1,Mie Hompimpa,Mie,10,18000,8000,180000,100000,2024-03-19,2024-03,55.55555555555556
487,4,Gacoan Surabaya Darmo,Surabaya,3,Mie Iblis,Mie,6,25000,10000,150000,90000,2024-08-15,2024-08,60.0
488,1,Gacoan Malang Soekarno Hatta,Malang,5,Es Teh Jumbo,Minuman,3,8000,3000,24000,15000,2024-09-28,2024-09,62.5
489,3,Gacoan Surabaya Gubeng,Surabaya,4,Dimsum Udang,Dimsum,6,15000,7000,90000,48000,2024-11-28,2024-11,53.333333333333336
490,3,Gacoan Surabaya Gubeng,Surabaya,2,Mie Setan,Mie,2,22000,9000,44000,26000,2024-01-14,2024-01,59.09090909090909
491,2,Gacoan Malang Sulfat,Malang,4,Dimsum Udang,Dimsum,9,15000,7000,135000,72000,2024-07-17,2024-07,53.333333333333336
492,5,Gacoan Jogja Seturan,Yogyakarta,1,Mie Hompimpa,Mie,5,18000,8000,90000,50000,2024-05-13,2024-05,55.55555555555556
493,4,Gacoan Surabaya Darmo,Surabaya,2,Mie Setan,Mie,10,22000,9000,220000,130000,2024-05-26,2024-05,59.09090909090909
494,4,Gacoan Surabaya Darmo,Surabaya,2,Mie Setan,Mie,2,22000,9000,44000,26000,2024-03-10,2024-03,59.09090909090909
495,1,Gacoan Malang Soekarno Hatta,Malang,4,Dimsum Udang,Dimsum,3,15000,7000,45000,24000,2024-08-15,2024-08,53.333333333333336
496,1,Gacoan Malang Soekarno Hatta,Malang,3,Mie Iblis,Mie,6,25000,10000,150000,90000,2024-12-29,2024-12,60.0
497,1,Gacoan Malang Soekarno Hatta,Malang,5,Es Teh Jumbo,Minuman,9,8000,3000,72000,45000,2024-05-28,2024-05,62.5
498,3,Gacoan Surabaya Gubeng,Surabaya,2,Mie Setan,Mie,3,22000,9000,66000,39000,2024-07-04,2024-07,59.09090909090909
499,5,Gacoan Jogja Seturan,Yogyakarta,2,Mie Setan,Mie,2,22000,9000,44000,26000,2024-04-12,2024-04,59.09090909090909
500,2,Gacoan Malang Sulfat,Malang,2,Mie Setan,Mie,8,22000,9000,176000,104000,2024-01-14,2024-01,59.09090909090909
